{"login": "tebeka", "id": 87697, "node_id": "MDQ6VXNlcjg3Njk3", "avatar_url": "https://avatars1.githubusercontent.com/u/87697?v=4", "gravatar_id": "", "url": "https://api.github.com/users/tebeka", "html_url": "https://github.com/tebeka", "followers_url": "https://api.github.com/users/tebeka/followers", "following_url": "https://api.github.com/users/tebeka/following{/other_user}", "gists_url": "https://api.github.com/users/tebeka/gists{/gist_id}", "starred_url": "https://api.github.com/users/tebeka/starred{/owner}{/repo}", "subscriptions_url": "https://api.github.com/users/tebeka/subscriptions", "organizations_url": "https://api.github.com/users/tebeka/orgs", "repos_url": "https://api.github.com/users/tebeka/repos", "events_url": "https://api.github.com/users/tebeka/events{/privacy}", "received_events_url": "https://api.github.com/users/tebeka/received_events", "type": "User", "site_admin": false, "name": "Miki Tebeka", "company": "353Solutions", "blog": "http://353solutions.com", "location": "Israel ", "email": null, "hireable": true, "bio": "A person (arguably)\r\n\r\nalso CEO of @353solutions ", "public_repos": 102, "public_gists": 147, "followers": 59, "following": 3, "created_at": "2009-05-22T21:46:45Z", "updated_at": "2018-07-29T10:44:11Z"}